{"exact": {"bsize": 37278488, "quantiles": {"0": 0.29077521593737554, "0.25": 17.91181081098761, "0.5": 24.914645797665298, "0.75": 34.875409876443975, "0.9": 404.77081891350684, "0.95": 2670.8511520038405, "0.99": 10600.161716220378, "0.995": 10788.963851265928, "0.999": 10939.060918878728, "0.9999": 10972.372994722149, "0.99999": 10975.841546172855, "1": 10976.190473009246}, "timings": {"insert": 2.1068870856942012e-08, "merge": 0.003487584286844452, "quantiles": 0.08377316358382814}}, "tdigest": {"bsize": 2368, "quantiles": {"0": 0.29077521593737554, "0.25": 17.950573260109493, "0.5": 24.914638092029822, "0.75": 34.89259599325179, "0.9": 410.3649345432365, "0.95": 2695.063663545126, "0.99": 10593.161511640017, "0.995": 10786.155686247424, "0.999": 10935.791336170167, "0.9999": 10971.552113036001, "0.99999": 10975.483684616076, "1": 10976.190473009246}, "timings": {"insert": 1.9900931101238278e-06, "merge": 2.3992559496275705e-05, "quantiles": 1.0950290627079085e-06}}, "hdr": {"bsize": 15876.0, "quantiles": {"0": 0.2906652672, "0.25": 17.9180666879, "0.5": 24.9242320895, "0.75": 34.8966092799, "0.9": 404.8006676479, "0.95": 2671.4696581119, "0.99": 10603.4152603647, "0.995": 10795.8297952255, "0.999": 10940.1406963711, "0.9999": 10974.5004347391, "0.99999": 10981.3723824127, "1": 10981.3723824127}, "timings": {"insert": 3.878575621647443e-06, "merge": 0.00013493811364774828, "quantiles": 0.013962556084152311}}, "dd": {"bsize": 1902, "quantiles": {"0": 0.29077521593737554, "0.25": 17.994143369900957, "0.5": 24.78049876990332, "0.75": 34.81569663907513, "0.9": 407.54458708462636, "0.95": 2671.0128212874174, "0.99": 10617.501633541677, "0.995": 10831.996616037468, "0.999": 10831.996616037468, "0.9999": 11050.82483050287, "0.99999": 11050.82483050287, "1": 10976.190473009246}, "timings": {"insert": 2.958792550587157e-06, "merge": 0.00010461966763485712, "quantiles": 4.2634270483783136e-05}}, "circllhist/type-1": {"bsize": 1866.0, "quantiles": {"0": 0.29038461538461535, "0.25": 17.911775242189346, "0.5": 24.91531653528075, "0.75": 34.8756982109609, "0.9": 404.74802165764265, "0.95": 2670.3766160764476, "0.99": 10611.34140136951, "0.995": 10805.666530438626, "0.999": 10961.133306087726, "0.9999": 10996.113330608772, "0.99999": 10999.607996863975, "1": 10999.991659507745}, "timings": {"insert": 1.0014548259093845e-06, "merge": 1.6131928588047325e-05, "quantiles": 6.1153250824039185e-06}}, "circllhist/type-7": {"bsize": 1866.0, "quantiles": {"0": 0.29038461538461535, "0.25": 17.911775242189346, "0.5": 24.91531653528075, "0.75": 34.87568471896166, "0.9": 404.74802165764265, "0.95": 2670.3485103991006, "0.99": 10611.333060877252, "0.995": 10805.65818994637, "0.999": 10961.124965595469, "0.9999": 10996.104990116517, "0.99999": 10999.59965637172, "1": 10999.991659507745}, "timings": {"insert": 1.0231109158686353e-06, "merge": 1.61126446957239e-05, "quantiles": 6.055972767838587e-06}}, "prom": {"bsize": 96, "quantiles": {"0": 0.0, "0.25": 27.346052350590316, "0.5": 56.42391192809143, "0.75": 85.50177150559254, "0.9": 438.0821408128217, "0.95": 2954.9271972273846, "0.99": 10000.0, "0.995": 10000.0, "0.999": 10000.0, "0.9999": 10000.0, "0.99999": 10000.0, "1": 10000.0}, "timings": {"insert": 6.9309269055956874e-06, "merge": 8.632552019800201e-07, "quantiles": 8.329092917847447e-06}}}