{"exact": {"bsize": 37278649, "quantiles": {"0": 0.29077521593737554, "0.25": 17.91181081098761, "0.5": 24.914645797665298, "0.75": 34.875409876443975, "0.9": 404.77081891350684, "0.95": 2670.8511520038405, "0.99": 10600.161716220378, "0.995": 10788.963851265928, "0.999": 10939.060918878728, "0.9999": 10972.372994722149, "0.99999": 10975.841546172855, "1": 10976.190473009246}, "timings": {"insert": 0.09875249862670898, "merge": 3.423716120014433, "quantiles": 1.017009513976518}}, "tdigest": {"bsize": 2368, "quantiles": {"0": 0.29077521593737554, "0.25": 17.950573260109493, "0.5": 24.914638092029822, "0.75": 34.89259599325179, "0.9": 410.3649345432365, "0.95": 2695.063663545126, "0.99": 10593.161511640017, "0.995": 10786.155686247424, "0.999": 10935.791336170167, "0.9999": 10971.552113036001, "0.99999": 10975.483684616076, "1": 10976.190473009246}, "timings": {"insert": 9.096914529800415, "merge": 0.02325822439743206, "quantiles": 1.306252325011883e-05}}, "hdr": {"bsize": 15828.0, "quantiles": {"0": 0.29, "0.25": 17.919, "0.5": 24.927, "0.75": 34.879, "0.9": 404.991, "0.95": 2672.639, "0.99": 10600.447, "0.995": 10797.055, "0.999": 10944.511, "0.9999": 10977.279, "0.99999": 10977.279, "1": 10977.279}, "timings": {"insert": 17.924450635910034, "merge": 0.13088437597616576, "quantiles": 0.05373123800382018}}, "dd": {"bsize": 1902, "quantiles": {"0": 0.29077521593737554, "0.25": 17.994143369900957, "0.5": 24.78049876990332, "0.75": 34.81569663907513, "0.9": 407.54458708462636, "0.95": 2671.0128212874174, "0.99": 10617.501633541677, "0.995": 10831.996616037468, "0.999": 10831.996616037468, "0.9999": 11050.82483050287, "0.99999": 11050.82483050287, "1": 10976.190473009246}, "timings": {"insert": 14.21265459060669, "merge": 0.09860306640621275, "quantiles": 0.0005177597419824451}}, "circllhist": {"bsize": 1866.0, "quantiles": {"0": 0.29038461538461535, "0.25": 17.911775242189346, "0.5": 24.91531653528075, "0.75": 34.87568471896166, "0.9": 404.74802165764265, "0.95": 2670.3485103991006, "0.99": 10611.333060877252, "0.995": 10805.65818994637, "0.999": 10961.124965595469, "0.9999": 10996.104990116517, "0.99999": 10999.59965637172, "1": 10999.991659507745}, "timings": {"insert": 4.611952543258667, "merge": 0.015854981349548325, "quantiles": 7.207335580606014e-05}}}