{"exact": {"bsize": 37278488, "quantiles": {"0": 0.29077521593737554, "0.25": 17.911814027375023, "0.5": 24.914645797665298, "0.75": 34.87541735629169, "0.9": 404.77081891350684, "0.95": 2670.866883180598, "0.99": 10600.165295921, "0.995": 10788.96895831132, "0.999": 10939.06352218019, "0.9999": 10972.373013508586, "0.99999": 10975.842538860667, "1": 10976.190473009246}, "exact_quantiles": {"0": 0.29077521593737554, "0.25": 17.911814027375023, "0.5": 24.914645797665298, "0.75": 34.87541735629169, "0.9": 404.77081891350684, "0.95": 2670.866883180598, "0.99": 10600.165295921, "0.995": 10788.96895831132, "0.999": 10939.06352218019, "0.9999": 10972.373013508588, "0.99999": 10975.842538860667, "1": 10976.190473009246}, "timings": {"insert": 2.0877974762952806e-08, "merge": 0.0033518611312364087, "quantiles": 0.025199516909196973}}, "prom": {"bsize": 88, "quantiles": {"0": 0.0, "0.25": 27.346052350590316, "0.5": 56.42391192809143, "0.75": 85.50177150559254, "0.9": 562.4288174961501, "0.95": 2954.9271972273846, "0.99": 10000.0, "0.995": 10000.0, "0.999": 10000.0, "0.9999": 10000.0, "0.99999": 10000.0, "1": 10000.0}, "exact_quantiles": {"0": 0.29077521593737554, "0.25": 17.91181081098761, "0.5": 24.914645797665298, "0.75": 34.875424836139416, "0.9": 404.77081891350684, "0.95": 2670.8826143573556, "0.99": 10600.165693665513, "0.995": 10788.96922710318, "0.999": 10939.074620465337, "0.9999": 10972.373983482079, "0.99999": 10975.844016159948, "1": 10976.190473009246}, "timings": {"insert": 7.158575076932816e-06, "merge": 9.040712821062165e-07, "quantiles": 8.621295836443703e-06}}, "tdigest": {"bsize": 2368, "quantiles": {"0": 0.29077521593737554, "0.25": 17.950573260109493, "0.5": 24.914638092029822, "0.75": 34.89259599325179, "0.9": 410.3649345432365, "0.95": 2695.063663545126, "0.99": 10593.161511640017, "0.995": 10786.155686247424, "0.999": 10935.791336170167, "0.9999": 10971.552113036001, "0.99999": 10975.483684616076, "1": 10976.190473009246}, "exact_quantiles": {"0": 0.29077521593737554, "0.25": 17.911812419181317, "0.5": 24.914645797665298, "0.75": 34.875421096215554, "0.9": 404.77956227809227, "0.95": 2670.8810412396856, "0.99": 10600.166780356481, "0.995": 10788.969910452264, "0.999": 10939.070359271904, "0.9999": 10972.373507789678, "0.99999": 10975.843773829516, "1": 10976.190473009246}, "timings": {"insert": 2.0802542409329575e-06, "merge": 2.3785808377645235e-05, "quantiles": 1.1119576500883947e-06}}, "hdr": {"bsize": 2994.0, "quantiles": {"0": 0.2902458368, "0.25": 17.9314884607, "0.5": 25.0181844991, "0.75": 35.0039834623, "0.9": 405.4449127423, "0.95": 2680.0595927039, "0.99": 10610.2872080383, "0.995": 10830.1895335935, "0.999": 10940.1406963711, "0.9999": 10995.1162777599, "0.99999": 10995.1162777599, "1": 10995.1162777599}, "exact_quantiles": {"0": 0.29077521593737554, "0.25": 17.91181081098761, "0.5": 24.914645797665298, "0.75": 34.875409876443975, "0.9": 404.77081891350684, "0.95": 2670.8511520038405, "0.99": 10600.165693665513, "0.995": 10788.96922710318, "0.999": 10939.060918878728, "0.9999": 10972.372994722149, "0.99999": 10975.841546172855, "1": 10976.190473009246}, "timings": {"insert": 3.7382527175693385e-06, "merge": 3.4527728625695515e-05, "quantiles": 0.001981209358200431}}, "dd": {"bsize": 1902, "quantiles": {"0": 0.29077521593737554, "0.25": 17.994143369900957, "0.5": 24.78049876990332, "0.75": 34.81569663907513, "0.9": 407.54458708462636, "0.95": 2671.0128212874174, "0.99": 10617.501633541677, "0.995": 10831.996616037468, "0.999": 10831.996616037468, "0.9999": 11050.82483050287, "0.99999": 11050.82483050287, "1": 10976.190473009246}, "exact_quantiles": {"0": 0.29077521593737554, "0.25": 17.91181081098761, "0.5": 24.914645797665298, "0.75": 34.875409876443975, "0.9": 404.77081891350684, "0.95": 2670.8511520038405, "0.99": 10600.161716220378, "0.995": 10788.963851265928, "0.999": 10939.060918878728, "0.9999": 10972.372994722149, "0.99999": 10975.841546172855, "1": 10976.190473009246}, "timings": {"insert": 3.0486979594242263e-06, "merge": 0.0001054078218235512, "quantiles": 4.281353849607209e-05}}, "circllhist": {"bsize": 1866.0, "quantiles": {"0": 0.29038461538461535, "0.25": 17.911775242189346, "0.5": 24.91531653528075, "0.75": 34.8756982109609, "0.9": 404.74802165764265, "0.95": 2670.3766160764476, "0.99": 10611.34140136951, "0.995": 10805.666530438626, "0.999": 10961.133306087726, "0.9999": 10996.113330608772, "0.99999": 10999.607996863975, "1": 10999.991659507745}, "exact_quantiles": {"0": 0.29077521593737554, "0.25": 17.91181081098761, "0.5": 24.914645797665298, "0.75": 34.875424836139416, "0.9": 404.77081891350684, "0.95": 2670.8826143573556, "0.99": 10600.165693665513, "0.995": 10788.96922710318, "0.999": 10939.074620465337, "0.9999": 10972.373983482079, "0.99999": 10975.844016159948, "1": 10976.190473009246}, "timings": {"insert": 9.954214655761743e-07, "merge": 1.5923205335069487e-05, "quantiles": 6.011451850645245e-06}}}