{"exact": {"bsize": 8216545, "quantiles": {"0": 1.8072924462838704e-05, "0.25": 0.014231653862092561, "0.5": 0.031747888819533436, "0.75": 0.08082383117802688, "0.9": 0.23460214138200214, "0.95": 0.5059975596983718, "0.99": 3.3936588822147464, "0.995": 8.423583990992324, "0.999": 86.40747234711571, "0.9999": 2929.4145375472153, "0.99999": 99194.36345014293, "1": 12700878.005764976}, "timings": {"insert": 0.14070653915405273, "merge": 0.6048195009934716, "quantiles": 0.17859928001416847}}, "tdigest": {"bsize": 2144, "quantiles": {"0": 1.8072924462838704e-05, "0.25": 0.014231909529214866, "0.5": 0.03176279090539468, "0.75": 0.08096335238177976, "0.9": 0.23541488959741677, "0.95": 0.5105530788291256, "0.99": 3.468524463330932, "0.995": 9.404511677991255, "0.999": 107.22084224824864, "0.9999": 11953.552875771755, "0.99999": 2174855.4047734877, "1": 12700878.005764976}, "timings": {"insert": 2.0350451469421387, "merge": 0.02813752560177818, "quantiles": 1.314390089828521e-05}}, "hdr": {"bsize": 5550.0, "quantiles": {"0": 0.0, "0.25": 0.014, "0.5": 0.031, "0.75": 0.08, "0.9": 0.234, "0.95": 0.506, "0.99": 3.395, "0.995": 8.431, "0.999": 86.591, "0.9999": 2930.687, "0.99999": 120193.023, "1": 12708741.119}, "timings": {"insert": 3.4390475749969482, "merge": 0.1279712060058955, "quantiles": 0.030381511099403725}}, "dd": {"bsize": 3324, "quantiles": {"0": 1.8072924462838704e-05, "0.25": 0.014261500035935603, "0.5": 0.03174039848179909, "0.75": 0.08125737650111771, "0.9": 0.23454722188287233, "0.95": 0.5015394534033262, "0.99": 3.421198745225571, "0.995": 8.415043540310215, "0.999": 85.63536494712831, "0.9999": 2951.935532253175, "0.99999": 99741.15779741493, "1": 12700878.005764976}, "timings": {"insert": 2.8160223960876465, "merge": 0.18413490502280183, "quantiles": 0.0006536292539676651}}, "circllhist": {"bsize": 3381.0, "quantiles": {"0": 1.85e-05, "0.25": 0.014235121695891126, "0.5": 0.031751031894934334, "0.75": 0.08083826968043648, "0.9": 0.23488752556237216, "0.95": 0.5060200668896321, "0.99": 3.394274809160305, "0.995": 8.420408163265307, "0.999": 86.45454545454545, "0.9999": 2933.3333333333335, "0.99999": 99500.0, "1": 12500000.0}, "timings": {"insert": 1.2450439929962158, "merge": 0.03190105790272355, "quantiles": 0.00010909092699876055}}}