{"exact": {"bsize": 8382289, "quantiles": {"0": 6.957713287211949e-06, "0.25": 0.014225812324665587, "0.5": 0.03170625677889979, "0.75": 0.08072761597419548, "0.9": 0.23516660445989473, "0.95": 0.5090607381188468, "0.99": 3.4257743859799765, "0.995": 8.855418110898393, "0.999": 93.75751256150087, "0.9999": 3772.0079459496224, "0.99999": 134121.2982505166, "1": 112502264.71709411}, "timings": {"insert": 0.174163818359375, "merge": 0.6404203239362687, "quantiles": 0.19497783202677965}}, "tdigest": {"bsize": 2080, "quantiles": {"0": 6.957713287211949e-06, "0.25": 0.014233336844958385, "0.5": 0.031731636980914815, "0.75": 0.08081814881065405, "0.9": 0.23568485757808993, "0.95": 0.5132206545495551, "0.99": 3.5991648533172573, "0.995": 9.667582354117059, "0.999": 136.78835482129463, "0.9999": 15681.05371582972, "0.99999": 24347739.322599497, "1": 112502264.71709411}, "timings": {"insert": 2.0831098556518555, "merge": 0.027866769407410175, "quantiles": 1.2756540649570524e-05}}, "hdr": {"bsize": 5643.0, "quantiles": {"0": 0.0, "0.25": 0.014, "0.5": 0.031, "0.75": 0.08, "0.9": 0.235, "0.95": 0.509, "0.99": 3.425, "0.995": 8.855, "0.999": 93.759, "0.9999": 3772.415, "0.99999": 144048.127, "1": 112541564.927}, "timings": {"insert": 3.642235517501831, "merge": 0.12333821400534362, "quantiles": 0.03303250370081514}}, "dd": {"bsize": 3631, "quantiles": {"0": 6.957713287211949e-06, "0.25": 0.014261500035935603, "0.5": 0.03174039848179909, "0.75": 0.08125737650111771, "0.9": 0.23454722188287233, "0.95": 0.5116715635730903, "0.99": 3.421198745225571, "0.995": 8.935418643763574, "0.999": 94.64203039019942, "0.9999": 3752.6755602662033, "0.99999": 134637.8267829919, "1": 112502264.71709411}, "timings": {"insert": 2.7266921997070312, "merge": 0.19019947602646425, "quantiles": 0.0006847511760424823}}, "circllhist": {"bsize": 3438.0, "quantiles": {"0": 6.95e-06, "0.25": 0.014230761410999286, "0.5": 0.031701678004535154, "0.75": 0.08072964669738864, "0.9": 0.23522515723270437, "0.95": 0.5092216216216217, "0.99": 3.426591760299625, "0.995": 8.854901960784314, "0.999": 93.71428571428571, "0.9999": 3750.0, "0.99999": 135000.0, "1": 115000000.00000001}, "timings": {"insert": 1.1667680740356445, "merge": 0.03211815099930391, "quantiles": 0.00010658257053000852}}}