{"exact": {"bsize": 8172184, "quantiles": {"0": 2.494324939118415e-06, "0.25": 0.01418407993624246, "0.5": 0.03160532870302801, "0.75": 0.08047548279396455, "0.9": 0.2343216837631238, "0.95": 0.5036434601955544, "0.99": 3.394571451777967, "0.995": 8.497996256607085, "0.999": 94.61157661160206, "0.9999": 4156.664404514865, "0.99999": 96281.99312082492, "1": 7907872.2193420995}, "exact_quantiles": {"0": 2.494324939118415e-06, "0.25": 0.01418407993624246, "0.5": 0.03160532870302801, "0.75": 0.08047548279396455, "0.9": 0.2343216837631238, "0.95": 0.5036434601955544, "0.99": 3.394571451777967, "0.995": 8.497996256607085, "0.999": 94.61157661159581, "0.9999": 4156.664404532238, "0.99999": 96281.99312082492, "1": 7907872.2193420995}, "timings": {"insert": 1.4038768795881057e-07, "merge": 0.0004725820878520608, "quantiles": 0.00878993741935119}}, "prom": {"bsize": 88, "quantiles": {"0": 0.0, "0.25": 0.25700450445917306, "0.5": 0.5140090089183461, "0.75": 0.7710135133775191, "0.9": 0.9252162160530231, "0.95": 0.9766171169448575, "0.99": 7.799191204834776, "0.995": 9.769468303973259, "0.999": 99.19401420454432, "0.9999": 4745.769444445614, "0.99999": 520612.6785729014, "1": 1000000.0}, "exact_quantiles": {"0": 2.494324939118415e-06, "0.25": 0.0141840566223731, "0.5": 0.03160532870302801, "0.75": 0.08047576860094291, "0.9": 0.23432232911857542, "0.95": 0.5036471660908751, "0.99": 3.394581756783763, "0.995": 8.500250023579051, "0.999": 94.63962909954375, "0.9999": 4179.378704678861, "0.99999": 96909.7792353231, "1": 7907872.2193420995}, "timings": {"insert": 6.57729395220863e-06, "merge": 8.7169349193573e-07, "quantiles": 1.0212881218952438e-05}}, "tdigest": {"bsize": 2160, "quantiles": {"0": 2.494324939118415e-06, "0.25": 0.01419093145410666, "0.5": 0.03162034117822604, "0.75": 0.0805803116470204, "0.9": 0.23491573302519927, "0.95": 0.5063028266119085, "0.99": 3.520211380938829, "0.995": 9.509438598604936, "0.999": 133.84654015903575, "0.9999": 9432.700910576343, "0.99999": 1180036.518616565, "1": 7907872.2193420995}, "exact_quantiles": {"0": 2.494324939118415e-06, "0.25": 0.014184068279307781, "0.5": 0.03160532870302801, "0.75": 0.08047562569745373, "0.9": 0.23432324127580587, "0.95": 0.5036487206789277, "0.99": 3.394913282180824, "0.995": 8.49982513308436, "0.999": 94.63839307037888, "0.9999": 4231.112214769904, "0.99999": 101506.14083378032, "1": 7907872.2193420995}, "timings": {"insert": 2.00224759357976e-06, "merge": 2.7313815290108324e-05, "quantiles": 1.0861938722276438e-06}}, "hdr": {"bsize": 3732.0, "quantiles": {"0": 2.4832e-06, "0.25": 0.0142606335, "0.5": 0.0316669951, "0.75": 0.0805306367, "0.9": 0.2348810239, "0.95": 0.5066719231, "0.99": 3.3957085183, "0.995": 8.5362475007, "0.999": 94.9187772415, "0.9999": 4205.6319762431, "0.99999": 97196.8278953983, "1": 7937594.3432404995}, "exact_quantiles": {"0": 2.494324939118415e-06, "0.25": 0.0141840566223731, "0.5": 0.03160532870302801, "0.75": 0.08047519698698617, "0.9": 0.23432232911857542, "0.95": 0.5036471660908751, "0.99": 3.394581756783763, "0.995": 8.496555323624925, "0.999": 94.58588870117576, "0.9999": 4179.378704678861, "0.99999": 96909.7792353231, "1": 7907872.2193420995}, "timings": {"insert": 3.2131098987952033e-06, "merge": 3.70578879956156e-05, "quantiles": 0.0016047112798939147}}, "dd": {"bsize": 3373, "quantiles": {"0": 2.494324939118415e-06, "0.25": 0.014261500035935603, "0.5": 0.03174039848179909, "0.75": 0.08125737650111771, "0.9": 0.23454722188287233, "0.95": 0.5015394534033262, "0.99": 3.421198745225571, "0.995": 8.415043540310215, "0.999": 94.64203039019942, "0.9999": 4065.2357448809375, "0.99999": 93932.4970757807, "1": 7907872.2193420995}, "exact_quantiles": {"0": 2.494324939118415e-06, "0.25": 0.0141840566223731, "0.5": 0.03160532870302801, "0.75": 0.08047519698698617, "0.9": 0.23431910234131648, "0.95": 0.5036101071377017, "0.99": 3.394534915848322, "0.995": 8.496555323624925, "0.999": 94.58588870117576, "0.9999": 4030.1388876951114, "0.99999": 93992.8286043386, "1": 7907872.2193420995}, "timings": {"insert": 2.534591034950775e-06, "merge": 0.00018403653800487519, "quantiles": 5.711990067114433e-05}}, "circllhist": {"bsize": 3438.0, "quantiles": {"0": 2.45e-06, "0.25": 0.014188004373405528, "0.5": 0.03160678965386079, "0.75": 0.08047533980582525, "0.9": 0.23430777148739063, "0.95": 0.5032799145299145, "0.99": 3.3951020408163264, "0.995": 8.50204081632653, "0.999": 94.63636363636364, "0.9999": 4150.0, "0.99999": 96500.0, "1": 7950000.0}, "exact_quantiles": {"0": 2.494324939118415e-06, "0.25": 0.0141840566223731, "0.5": 0.03160532870302801, "0.75": 0.08047576860094291, "0.9": 0.23432232911857542, "0.95": 0.5036471660908751, "0.99": 3.394581756783763, "0.995": 8.500250023579051, "0.999": 94.63962909954375, "0.9999": 4179.378704678861, "0.99999": 96909.7792353231, "1": 7907872.2193420995}, "timings": {"insert": 1.0147136999103644e-06, "merge": 3.216153727844358e-05, "quantiles": 8.919135783798992e-06}}}