{"exact": {"bsize": 8028624, "quantiles": {"0": 1.5834108488951168e-05, "0.25": 0.014227634035347762, "0.5": 0.03166330239628049, "0.75": 0.0804873594033132, "0.9": 0.23327463886350983, "0.95": 0.500153668666319, "0.99": 3.350543994851569, "0.995": 8.64114813928202, "0.999": 93.25151638283273, "0.9999": 3775.3031313291276, "0.99999": 134234.1996402407, "1": 88863257.9505511}, "timings": {"insert": 1.3761348823231766e-07, "merge": 0.0004154060560977086, "quantiles": 0.01422245332893605}}, "tdigest": {"bsize": 2096, "quantiles": {"0": 1.5834108488951168e-05, "0.25": 0.014247666315497532, "0.5": 0.03168511405888613, "0.75": 0.08056889752323186, "0.9": 0.23407213264014795, "0.95": 0.5042191917166489, "0.99": 3.489660393015058, "0.995": 9.52765825159127, "0.999": 127.02855521703432, "0.9999": 9400.502249293328, "0.99999": 3569681.366739558, "1": 88863257.9505511}, "timings": {"insert": 1.881331312095717e-06, "merge": 2.7059844799805434e-05, "quantiles": 1.071720708569046e-06}}, "hdr": {"bsize": 3699.0, "quantiles": {"0": 1.57696e-05, "0.25": 0.0142606335, "0.5": 0.0316669951, "0.75": 0.0805306367, "0.9": 0.2348810239, "0.95": 0.5033164799, "0.99": 3.3554431999, "0.995": 8.6436216831, "0.999": 93.6302870527, "0.9999": 3848.2906972159, "0.99999": 137219.0511464447, "1": 89171272.62193581}, "timings": {"insert": 3.2348308997051616e-06, "merge": 3.708977040369064e-05, "quantiles": 0.0015829918542294762}}, "dd": {"bsize": 3428, "quantiles": {"0": 1.5834108488951168e-05, "0.25": 0.014261500035935603, "0.5": 0.03174039848179909, "0.75": 0.08125737650111771, "0.9": 0.23454722188287233, "0.95": 0.5015394534033262, "0.99": 3.353452235419124, "0.995": 8.58504441991244, "0.999": 92.76793077851232, "0.9999": 3752.6755602662033, "0.99999": 134637.8267829919, "1": 88863257.9505511}, "timings": {"insert": 2.524241246463829e-06, "merge": 0.00018567095149774103, "quantiles": 5.1413225320478276e-05}}, "circllhist/type-1": {"bsize": 3396.0, "quantiles": {"0": 1.55e-05, "0.25": 0.014236432254292244, "0.5": 0.03167245705462266, "0.75": 0.08050039651070579, "0.9": 0.23329742511823434, "0.95": 0.5001857923497268, "0.99": 3.352941176470588, "0.995": 8.64255319148936, "0.999": 93.375, "0.9999": 3833.3333333333335, "0.99999": 137500.0, "1": 88500000.0}, "timings": {"insert": 1.074903888981051e-06, "merge": 3.222930619958788e-05, "quantiles": 8.827327294663216e-06}}, "circllhist/type-7": {"bsize": 3396.0, "quantiles": {"0": 1.55e-05, "0.25": 0.014236432254292244, "0.5": 0.03167245705462266, "0.75": 0.0805, "0.9": 0.23329479768786127, "0.95": 0.5001748633879781, "0.99": 3.352521008403361, "0.995": 8.640425531914893, "0.999": 93.25, "0.9999": 3750.0, "0.99999": 135000.0, "1": 88500000.0}, "timings": {"insert": 1.0303863918849773e-06, "merge": 3.172822330379858e-05, "quantiles": 8.887393332164114e-06}}, "prom": {"bsize": 96, "quantiles": {"0": 0.0, "0.25": 0.257003999065792, "0.5": 0.514007998131584, "0.75": 0.771011997197376, "0.9": 0.9252143966368513, "0.95": 0.9766151964500096, "0.99": 7.825579500657019, "0.995": 9.803722733245724, "0.999": 98.97328647736909, "0.9999": 4649.424113475236, "0.99999": 611158.2500030636, "1": 1000000.0}, "timings": {"insert": 6.489667447746718e-06, "merge": 9.527258980087936e-07, "quantiles": 1.0040743999221982e-05}}}