{"exact": {"bsize": 171, "quantiles": {"0.0": 10.0, "0.1": 10.0, "0.2": 10.0, "0.30000000000000004": 10.0, "0.4": 10.0, "0.5": 10.0, "0.6000000000000001": 10.0, "0.7000000000000001": 10.0, "0.8": 10.0, "0.9": 10.0, "1.0": 100.0}, "timings": {"insert": 0.000110626220703125, "merge": 3.207098180428147e-06, "quantiles": 4.6543805999681356e-05}}, "tdigest": {"bsize": 64, "quantiles": {"0.0": 10.0, "0.1": 10.0, "0.2": 10.0, "0.30000000000000004": 19.000000000000007, "0.4": 37.0, "0.5": 55.0, "0.6000000000000001": 73.00000000000001, "0.7000000000000001": 91.00000000000001, "0.8": 100.0, "0.9": 100.0, "1.0": 100.0}, "timings": {"insert": 0.018576622009277344, "merge": 2.6806752802804113e-05, "quantiles": 1.3591249351156875e-05}}, "hdr": {"bsize": 42.0, "quantiles": {"0.0": 10.0, "0.1": 10.007, "0.2": 10.007, "0.30000000000000004": 10.007, "0.4": 10.007, "0.5": 10.007, "0.6000000000000001": 10.007, "0.7000000000000001": 10.007, "0.8": 100.031, "0.9": 100.031, "1.0": 100.031}, "timings": {"insert": 0.0007452964782714844, "merge": 0.0001893558920128271, "quantiles": 0.024765476200263946}}, "dd": {"bsize": 605, "quantiles": {"0.0": 10, "0.1": 10.074696689511331, "0.2": 10.074696689511331, "0.30000000000000004": 10.074696689511331, "0.4": 10.074696689511331, "0.5": 10.074696689511331, "0.6000000000000001": 10.074696689511331, "0.7000000000000001": 10.074696689511331, "0.8": 10.074696689511331, "0.9": 10.074696689511331, "1.0": 100}, "timings": {"insert": 0.00011467933654785156, "merge": 8.604603838175536e-06, "quantiles": 0.00012391786399530247}}, "circllhist": {"bsize": 12.0, "quantiles": {"0.0": 10.5, "0.1": 10.5, "0.2": 10.5, "0.30000000000000004": 10.5, "0.4": 10.5, "0.5": 10.5, "0.6000000000000001": 10.5, "0.7000000000000001": 10.5, "0.8": 10.5, "0.9": 10.5, "1.0": 105.0}, "timings": {"insert": 0.0007429122924804688, "merge": 4.2528654797934e-06, "quantiles": 3.253972360398621e-05}}}