{"exact": {"bsize": 16, "quantiles": {"0.0": 10.0, "0.05": 10.0, "0.1": 10.0, "0.15000000000000002": 10.0, "0.2": 10.0, "0.25": 10.0, "0.30000000000000004": 10.0, "0.35000000000000003": 10.0, "0.4": 10.0, "0.45": 10.0, "0.5": 10.0, "0.55": 10.0, "0.6000000000000001": 10.0, "0.65": 10.0, "0.7000000000000001": 10.0, "0.75": 10.0, "0.8": 10.0, "0.8500000000000001": 10.0, "0.9": 10.0, "0.9500000000000001": 10.0, "1.0": 100.0}, "timings": {"insert": 0.0002162456512451172, "merge": 3.2030021608807147e-06, "quantiles": 8.821411679964513e-05}}, "tdigest": {"bsize": 64, "quantiles": {"0.0": 10.0, "0.05": 10.0, "0.1": 10.0, "0.15000000000000002": 10.0, "0.2": 10.0, "0.25": 10.0, "0.30000000000000004": 19.000000000000007, "0.35000000000000003": 28.000000000000007, "0.4": 37.0, "0.45": 46.0, "0.5": 55.0, "0.55": 64.0, "0.6000000000000001": 73.00000000000001, "0.65": 82.0, "0.7000000000000001": 91.00000000000001, "0.75": 100.0, "0.8": 100.0, "0.8500000000000001": 100.0, "0.9": 100.0, "0.9500000000000001": 100.0, "1.0": 100.0}, "timings": {"insert": 0.018123388290405273, "merge": 2.7021653496194632e-05, "quantiles": 2.43989274953492e-05}}, "hdr": {"bsize": 42.0, "quantiles": {"0.0": 9.999220736, "0.05": 10.0059316223, "0.1": 10.0059316223, "0.15000000000000002": 10.0059316223, "0.2": 10.0059316223, "0.25": 10.0059316223, "0.30000000000000004": 10.0059316223, "0.35000000000000003": 10.0059316223, "0.4": 10.0059316223, "0.45": 10.0059316223, "0.5": 10.0059316223, "0.55": 10.0059316223, "0.6000000000000001": 10.0059316223, "0.65": 10.0059316223, "0.7000000000000001": 10.0059316223, "0.75": 100.0190509055, "0.8": 100.0190509055, "0.8500000000000001": 100.0190509055, "0.9": 100.0190509055, "0.9500000000000001": 100.0190509055, "1.0": 100.0190509055}, "timings": {"insert": 0.0004489421844482422, "merge": 0.0001916062879608944, "quantiles": 0.23920432291924953}}, "dd": {"bsize": 605, "quantiles": {"0.0": 10, "0.05": 10.074696689511331, "0.1": 10.074696689511331, "0.15000000000000002": 10.074696689511331, "0.2": 10.074696689511331, "0.25": 10.074696689511331, "0.30000000000000004": 10.074696689511331, "0.35000000000000003": 10.074696689511331, "0.4": 10.074696689511331, "0.45": 10.074696689511331, "0.5": 10.074696689511331, "0.55": 10.074696689511331, "0.6000000000000001": 10.074696689511331, "0.65": 10.074696689511331, "0.7000000000000001": 10.074696689511331, "0.75": 10.074696689511331, "0.8": 10.074696689511331, "0.8500000000000001": 10.074696689511331, "0.9": 10.074696689511331, "0.9500000000000001": 10.074696689511331, "1.0": 100}, "timings": {"insert": 0.00010180473327636719, "merge": 8.45792013918981e-06, "quantiles": 0.0002557513959472999}}, "circllhist/type-1": {"bsize": 12.0, "quantiles": {"0.0": 10.5, "0.05": 10.5, "0.1": 10.5, "0.15000000000000002": 10.5, "0.2": 10.5, "0.25": 10.5, "0.30000000000000004": 10.5, "0.35000000000000003": 10.5, "0.4": 10.5, "0.45": 10.5, "0.5": 10.5, "0.55": 105.0, "0.6000000000000001": 105.0, "0.65": 105.0, "0.7000000000000001": 105.0, "0.75": 105.0, "0.8": 105.0, "0.8500000000000001": 105.0, "0.9": 105.0, "0.9500000000000001": 105.0, "1.0": 105.0}, "timings": {"insert": 0.0008249282836914062, "merge": 4.037703399080783e-06, "quantiles": 5.894398200325668e-05}}, "circllhist/type-7": {"bsize": 12.0, "quantiles": {"0.0": 10.5, "0.05": 10.5, "0.1": 10.5, "0.15000000000000002": 10.5, "0.2": 10.5, "0.25": 10.5, "0.30000000000000004": 10.5, "0.35000000000000003": 10.5, "0.4": 10.5, "0.45": 10.5, "0.5": 10.5, "0.55": 10.5, "0.6000000000000001": 10.5, "0.65": 10.5, "0.7000000000000001": 10.5, "0.75": 10.5, "0.8": 10.5, "0.8500000000000001": 10.5, "0.9": 10.5, "0.9500000000000001": 10.5, "1.0": 105.0}, "timings": {"insert": 0.00038361549377441406, "merge": 4.088898519985378e-06, "quantiles": 5.9843295998871324e-05}}, "prom": {"bsize": 136, "quantiles": {"0.0": 0.0, "0.05": 0.0, "0.1": 0.0, "0.15000000000000002": 0.0, "0.2": 0.0, "0.25": 0.0, "0.30000000000000004": 0.0, "0.35000000000000003": 0.0, "0.4": 0.0, "0.45": 0.0, "0.5": 0.0, "0.55": 0.0, "0.6000000000000001": 0.0, "0.65": 0.0, "0.7000000000000001": 0.0, "0.75": 0.0, "0.8": 0.0, "0.8500000000000001": 0.0, "0.9": 0.0, "0.9500000000000001": 0.0, "1.0": 0.0}, "timings": {"insert": 0.00014090538024902344, "merge": 1.0621500603156165e-05, "quantiles": 0.00012162888899911195}}}