{"exact": {"bsize": 171, "quantiles": {"0.0": 10.0, "0.1": 10.0, "0.2": 10.0, "0.30000000000000004": 10.0, "0.4": 10.0, "0.5": 10.0, "0.6000000000000001": 10.0, "0.7000000000000001": 10.0, "0.8": 10.0, "0.9": 10.0, "1.0": 100.0}, "timings": {"insert": 7.581710815429688e-05, "merge": 3.232279920484871e-06, "quantiles": 4.775872220052406e-05}}, "tdigest": {"bsize": 64, "quantiles": {"0.0": 10.0, "0.1": 10.0, "0.2": 10.0, "0.30000000000000004": 19.000000000000007, "0.4": 37.0, "0.5": 55.0, "0.6000000000000001": 73.00000000000001, "0.7000000000000001": 91.00000000000001, "0.8": 100.0, "0.9": 100.0, "1.0": 100.0}, "timings": {"insert": 0.01955723762512207, "merge": 2.8956990299047903e-05, "quantiles": 1.3437323999824002e-05}}, "hdr": {"bsize": 42.0, "quantiles": {"0.0": 10.0, "0.1": 10.007, "0.2": 10.007, "0.30000000000000004": 10.007, "0.4": 10.007, "0.5": 10.007, "0.6000000000000001": 10.007, "0.7000000000000001": 10.007, "0.8": 100.031, "0.9": 100.031, "1.0": 100.031}, "timings": {"insert": 0.00046944618225097656, "merge": 0.00018776700599119068, "quantiles": 0.02399906360078603}}, "dd": {"bsize": 605, "quantiles": {"0.0": 10, "0.1": 10.074696689511331, "0.2": 10.074696689511331, "0.30000000000000004": 10.074696689511331, "0.4": 10.074696689511331, "0.5": 10.074696689511331, "0.6000000000000001": 10.074696689511331, "0.7000000000000001": 10.074696689511331, "0.8": 10.074696689511331, "0.9": 10.074696689511331, "1.0": 100}, "timings": {"insert": 9.417533874511719e-05, "merge": 8.611579199787228e-06, "quantiles": 0.0001236268159991596}}, "circllhist": {"bsize": 12.0, "quantiles": {"0.0": 10.5, "0.1": 10.5, "0.2": 10.5, "0.30000000000000004": 10.5, "0.4": 10.5, "0.5": 10.5, "0.6000000000000001": 10.5, "0.7000000000000001": 10.5, "0.8": 10.5, "0.9": 10.5, "1.0": 105.0}, "timings": {"insert": 0.0006470680236816406, "merge": 4.0565827407408505e-06, "quantiles": 3.302084819879383e-05}}}