{"exact": {"bsize": 800000, "quantiles": {"0": 10.000025776072746, "0.25": 32.53550086513274, "0.5": 54.95534475199696, "0.75": 77.4396394472721, "0.9": 90.98700869881644, "0.95": 95.47144416730714, "0.99": 99.08440844313257, "0.995": 99.5063620288167, "0.999": 99.92024386044537, "0.9999": 99.98906629501914, "0.99999": 99.99770960296595, "1": 99.99824236891581}, "exact_quantiles": {"0": 10.000025776072746, "0.25": 32.53550086513274, "0.5": 54.95534475199696, "0.75": 77.4396394472721, "0.9": 90.98700869881644, "0.95": 95.47144416730714, "0.99": 99.08440844313257, "0.995": 99.5063620288167, "0.999": 99.92024386044537, "0.9999": 99.98906629501914, "0.99999": 99.99770960296595, "1": 99.99824236891581}, "timings": {"insert": 1.258246898651123e-06, "merge": 3.3045522496104244e-05, "quantiles": 0.0008250677950369815}}, "prom": {"bsize": 88, "quantiles": {"0": 0.0, "0.25": 32.531917378687005, "0.5": 54.954568219217286, "0.75": 77.42967507384685, "0.9": 90.9289647227438, "0.95": 95.4644823613719, "0.99": 99.09289647227438, "0.995": 99.5464482361372, "0.999": 99.90928964722744, "0.9999": 99.99092896472274, "0.99999": 99.99909289647228, "1": 100.0}, "exact_quantiles": {"0": 10.000025776072746, "0.25": 32.53485929651961, "0.5": 54.95480395740177, "0.75": 77.43957850918834, "0.9": 90.98692340910353, "0.95": 95.47138407198648, "0.99": 99.08440715865693, "0.995": 99.50636190744746, "0.999": 99.92024379598345, "0.9999": 99.98906622446788, "0.99999": 99.99770959763823, "1": 99.99824236891581}, "timings": {"insert": 8.921742439270019e-06, "merge": 8.770433124154806e-07, "quantiles": 1.0005369995875905e-05}}, "tdigest": {"bsize": 2240, "quantiles": {"0": 10.000025776072746, "0.25": 32.551845537056586, "0.5": 54.98747696688507, "0.75": 77.44459098301603, "0.9": 90.98990379130962, "0.95": 95.47578314654758, "0.99": 99.08555063234064, "0.995": 99.50308078486236, "0.999": 99.91202725238317, "0.9999": 99.98796465278706, "0.99999": 99.99792621016886, "1": 99.99824236891581}, "exact_quantiles": {"0": 10.000025776072746, "0.25": 32.535287008928364, "0.5": 54.95534475199696, "0.75": 77.43970038535585, "0.9": 90.98734985766808, "0.95": 95.47198502519328, "0.99": 99.08447138243936, "0.995": 99.50637404437046, "0.999": 99.92027602693557, "0.9999": 99.98941898081347, "0.99999": 99.99797598327703, "1": 99.99824236891581}, "timings": {"insert": 3.7620329856872557e-06, "merge": 2.6392434583976865e-05, "quantiles": 1.0530202028652032e-06}}, "hdr": {"bsize": 615.0, "quantiles": {"0": 9.98244352, "0.25": 32.54779903, "0.5": 55.02926847, "0.75": 77.51073791, "0.9": 91.26805503, "0.95": 95.96567551, "0.99": 99.32111871, "0.995": 99.99220735, "0.999": 99.99220735, "0.9999": 99.99220735, "0.99999": 100.66329599, "1": 100.66329599}, "exact_quantiles": {"0": 10.000025776072746, "0.25": 32.53485929651961, "0.5": 54.95480395740177, "0.75": 77.43957850918834, "0.9": 90.98692340910353, "0.95": 95.47138407198648, "0.99": 99.08440715865693, "0.995": 99.50636190744746, "0.999": 99.92024379598345, "0.9999": 99.98906622446788, "0.99999": 99.99770959763823, "1": 99.99824236891581}, "timings": {"insert": 5.779681205749512e-06, "merge": 3.278616378083825e-05, "quantiles": 0.0013842626959861565}}, "dd": {"bsize": 720, "quantiles": {"0": 10.000025776072746, "0.25": 32.78812272646339, "0.5": 55.15148501578106, "0.75": 77.48582420931724, "0.9": 90.93094205022496, "0.95": 94.64203039019942, "0.99": 98.50457626879137, "0.995": 100.49456770856492, "0.999": 100.49456770856492, "0.9999": 100.49456770856492, "0.99999": 100.49456770856492, "1": 99.99824236891581}, "exact_quantiles": {"0": 10.000025776072746, "0.25": 32.53485929651961, "0.5": 54.95480395740177, "0.75": 77.43957850918834, "0.9": 90.98692340910353, "0.95": 95.47138407198648, "0.99": 99.08440715865693, "0.995": 99.50636190744746, "0.999": 99.92024379598345, "0.9999": 99.98906622446788, "0.99999": 99.99770959763823, "1": 99.99824236891581}, "timings": {"insert": 3.994004726409912e-06, "merge": 5.087758637964725e-05, "quantiles": 1.7077071165355543e-05}}, "circllhist": {"bsize": 453.0, "quantiles": {"0": 10.000878734622145, "0.25": 32.546583850931675, "0.5": 54.94842657342657, "0.75": 77.44404655326768, "0.9": 90.9872495446266, "0.95": 95.49030470914127, "0.99": 99.09657039711192, "0.995": 99.54783393501805, "0.999": 99.90884476534296, "0.9999": 99.99007220216606, "0.99999": 99.99819494584838, "1": 99.99909747292419}, "exact_quantiles": {"0": 10.000025776072746, "0.25": 32.53485929651961, "0.5": 54.95480395740177, "0.75": 77.43957850918834, "0.9": 90.98692340910353, "0.95": 95.47138407198648, "0.99": 99.08440715865693, "0.995": 99.50636190744746, "0.999": 99.92024379598345, "0.9999": 99.98906622446788, "0.99999": 99.99770959763823, "1": 99.99824236891581}, "timings": {"insert": 2.3372745513916017e-06, "merge": 5.980337979272008e-06, "quantiles": 3.4225444154193e-06}}}