{"exact": {"bsize": 800161, "quantiles": {"0.0": 10.000026838750822, "0.1": 19.08301011596423, "0.2": 27.95751682170348, "0.30000000000000004": 36.911177656562884, "0.4": 45.876150972069105, "0.5": 54.66646966919468, "0.6000000000000001": 63.71577815571571, "0.7000000000000001": 72.90559201009998, "0.8": 81.8562651173441, "0.9": 90.90379522127819, "1.0": 99.99920251652618}, "timings": {"insert": 0.0005383491516113281, "merge": 6.651606438681483e-05, "quantiles": 0.01295825265115127}}, "tdigest": {"bsize": 2128, "quantiles": {"0.0": 10.000026838750822, "0.1": 19.09073738875491, "0.2": 27.964692460019414, "0.30000000000000004": 36.90146375399742, "0.4": 45.84468792067103, "0.5": 54.670044117164856, "0.6000000000000001": 63.72645185646116, "0.7000000000000001": 72.86582140983971, "0.8": 81.82474136960909, "0.9": 90.89366717272013, "1.0": 99.99920251652618}, "timings": {"insert": 0.27210545539855957, "merge": 4.590136921033263e-05, "quantiles": 1.5041077404748649e-05}}, "hdr": {"bsize": 2694.0, "quantiles": {"0.0": 10.0, "0.1": 19.087, "0.2": 27.967, "0.30000000000000004": 36.927, "0.4": 45.887, "0.5": 54.687, "0.6000000000000001": 63.743, "0.7000000000000001": 72.959, "0.8": 81.919, "0.9": 90.943, "1.0": 100.031}, "timings": {"insert": 0.3819396495819092, "merge": 0.00018912080896552652, "quantiles": 0.03011016040109098}}, "dd": {"bsize": 581, "quantiles": {"0.0": 10.000026838750822, "0.1": 19.10687726994702, "0.2": 27.940046110299555, "0.30000000000000004": 36.96865302647507, "0.4": 46.066116134666, "0.5": 55.15148501578106, "0.6000000000000001": 63.439604250279885, "0.7000000000000001": 72.97325514046508, "0.8": 82.27744454924074, "0.9": 90.93094205022496, "1.0": 99.99920251652618}, "timings": {"insert": 0.30309247970581055, "merge": 7.793680801987649e-06, "quantiles": 0.00014525411801878362}}, "circllhist": {"bsize": 453.0, "quantiles": {"0.0": 10.000876424189308, "0.1": 19.082108902333623, "0.2": 27.961015412511333, "0.30000000000000004": 36.89025460930641, "0.4": 45.86763372620127, "0.5": 54.658411614005125, "0.6000000000000001": 63.71403038427167, "0.7000000000000001": 72.88235294117646, "0.8": 81.85012919896641, "0.9": 90.89149305555556, "1.0": 99.99910714285714}, "timings": {"insert": 0.1037750244140625, "merge": 6.969046760350466e-06, "quantiles": 4.0807859599590304e-05}}}