{"exact": {"bsize": 800161, "quantiles": {"0.0": 10.00031018306998, "0.1": 19.01271789130088, "0.2": 27.982662688883895, "0.30000000000000004": 36.979302087385314, "0.4": 45.889005896561166, "0.5": 54.82816509085348, "0.6000000000000001": 63.935586602850655, "0.7000000000000001": 72.87100092460793, "0.8": 81.8096551685734, "0.9": 90.80791583072903, "1.0": 99.99993006478653}, "timings": {"insert": 0.0004253387451171875, "merge": 6.71735465992242e-05, "quantiles": 0.01294805140059907}}, "tdigest": {"bsize": 2112, "quantiles": {"0.0": 10.00031018306998, "0.1": 19.02703710961515, "0.2": 27.998561771985226, "0.30000000000000004": 36.97239897115437, "0.4": 45.8853110010784, "0.5": 54.8303614038792, "0.6000000000000001": 63.91728411627791, "0.7000000000000001": 72.84077494867556, "0.8": 81.82097733181881, "0.9": 90.82413534400237, "1.0": 99.99993006478653}, "timings": {"insert": 0.2301311492919922, "merge": 4.4448308600112795e-05, "quantiles": 1.4724142599152401e-05}}, "hdr": {"bsize": 2676.0, "quantiles": {"0.0": 10.0, "0.1": 19.023, "0.2": 27.983, "0.30000000000000004": 36.991, "0.4": 45.919, "0.5": 54.847, "0.6000000000000001": 63.935, "0.7000000000000001": 72.895, "0.8": 81.855, "0.9": 90.815, "1.0": 100.031}, "timings": {"insert": 0.3761932849884033, "merge": 0.00019059834798099473, "quantiles": 0.02909638250130229}}, "dd": {"bsize": 538, "quantiles": {"0.0": 10.00031018306998, "0.1": 19.10687726994702, "0.2": 27.940046110299555, "0.30000000000000004": 36.96865302647507, "0.4": 46.066116134666, "0.5": 55.15148501578106, "0.6000000000000001": 63.439604250279885, "0.7000000000000001": 72.97325514046508, "0.8": 82.27744454924074, "0.9": 90.93094205022496, "1.0": 99.99993006478653}, "timings": {"insert": 0.29949307441711426, "merge": 7.4494520807638766e-06, "quantiles": 0.00013100367298466152}}, "circllhist": {"bsize": 453.0, "quantiles": {"0.0": 10.000969932104752, "0.1": 19.010045662100456, "0.2": 27.98959236773634, "0.30000000000000004": 36.97816196542311, "0.4": 45.88183421516755, "0.5": 54.830071174377224, "0.6000000000000001": 63.92948717948718, "0.7000000000000001": 72.87310606060606, "0.8": 81.81663685152057, "0.9": 90.82035398230089, "1.0": 99.99909255898366}, "timings": {"insert": 0.09967255592346191, "merge": 6.765239260857925e-06, "quantiles": 3.9970906195230784e-05}}}