{"exact": {"bsize": 800000, "quantiles": {"0.0": 10.001426314206883, "0.1": 19.17240740077662, "0.2": 28.29633426134625, "0.30000000000000004": 37.26439385607772, "0.4": 46.248122041958204, "0.5": 55.27073633190396, "0.6000000000000001": 64.12452814415147, "0.7000000000000001": 73.00970835764056, "0.8": 82.02532363560523, "0.9": 91.00477453932085, "1.0": 99.99990813457737}, "timings": {"insert": 8.537435531616211e-07, "merge": 3.310061269439757e-05, "quantiles": 0.0011803439363244582}}, "tdigest": {"bsize": 2224, "quantiles": {"0.0": 10.001426314206883, "0.1": 19.147680330432934, "0.2": 28.29268219871395, "0.30000000000000004": 37.251144032481925, "0.4": 46.246683091336074, "0.5": 55.29309461851483, "0.6000000000000001": 64.12056883996848, "0.7000000000000001": 73.01903985363535, "0.8": 82.02410266929206, "0.9": 90.99893478420627, "1.0": 99.99990813457737}, "timings": {"insert": 4.5966815948486325e-06, "merge": 2.6893847901374104e-05, "quantiles": 1.3951163728382777e-06}}, "hdr": {"bsize": 2652.0, "quantiles": {"0.0": 9.99817216, "0.1": 19.17845503, "0.2": 28.31155199, "0.30000000000000004": 37.26639103, "0.4": 46.26317311, "0.5": 55.28092671, "0.6000000000000001": 64.13090815, "0.7000000000000001": 73.02283263, "0.8": 82.04058623, "0.9": 91.01639679, "1.0": 100.07609343}, "timings": {"insert": 7.748937606811523e-06, "merge": 0.00012898964545456692, "quantiles": 0.00968489131826738}}, "dd": {"bsize": 716, "quantiles": {"0.0": 10.001426314206883, "0.1": 19.10687726994702, "0.2": 28.5044914862652, "0.30000000000000004": 36.96865302647507, "0.4": 46.066116134666, "0.5": 55.15148501578106, "0.6000000000000001": 64.72121241695218, "0.7000000000000001": 72.97325514046508, "0.8": 82.27744454924074, "0.9": 90.93094205022496, "1.0": 99.99990813457737}, "timings": {"insert": 3.8361310958862305e-06, "merge": 4.5833995612338185e-05, "quantiles": 1.7129641772374848e-05}}, "circllhist/type-1": {"bsize": 453.0, "quantiles": {"0.0": 10.00096618357488, "0.1": 19.141732283464567, "0.2": 28.276699029126213, "0.30000000000000004": 37.274193548387096, "0.4": 46.270462633451956, "0.5": 55.274802458296755, "0.6000000000000001": 64.13482142857143, "0.7000000000000001": 73.00977777777777, "0.8": 82.03269754768392, "0.9": 91.00505475989891, "1.0": 99.99904942965779}, "timings": {"insert": 2.188866138458252e-06, "merge": 6.176271738950163e-06, "quantiles": 3.601202616383406e-06}}, "circllhist/type-7": {"bsize": 453.0, "quantiles": {"0.0": 10.00096618357488, "0.1": 19.141732283464567, "0.2": 28.276699029126213, "0.30000000000000004": 37.27334465195246, "0.4": 46.270462633451956, "0.5": 55.274802458296755, "0.6000000000000001": 64.13392857142857, "0.7000000000000001": 73.00977777777777, "0.8": 82.03269754768392, "0.9": 91.00505475989891, "1.0": 99.99904942965779}, "timings": {"insert": 2.2202253341674806e-06, "merge": 6.266857921145857e-06, "quantiles": 3.7752392003312705e-06}}, "prom": {"bsize": 96, "quantiles": {"0.0": 10.0, "0.1": 19.107468123861565, "0.2": 28.291203235591507, "0.30000000000000004": 37.266803534767476, "0.4": 46.28214415067005, "0.5": 55.27049986586783, "0.6000000000000001": 64.18457985432582, "0.7000000000000001": 73.08634250983197, "0.8": 82.02829766275633, "0.9": 90.98936745359524, "1.0": 100.0}, "timings": {"insert": 1.0479843616485595e-05, "merge": 1.1326537147397175e-06, "quantiles": 1.1325540137477218e-05}}}